nombre,categoria,precio,url,fecha,image_urls
AURICULAR NOBLEX HPI090,ACCESORIOS,499,https://www.musimundo.com/informatica/accesorios/auriculares/auricular-noblex-hpi090/p/00189059,12-12-2020-16-42-51,['https://medias.musimundo.com/medias/sys_master/images/images/ha8/hcd/10109692805150/00189059-136375-01.jpg']
AURICULAR NOBLEX HPI04W,ACCESORIOS,599,https://www.musimundo.com/marcas/noblex/auricular-noblex-hpi04w/p/00302024,12-12-2020-16-42-51,['https://medias.musimundo.com/medias/sys_master/images/images/h26/hd5/10184770617374/00302024-174280-174280-01.png-174280-01.png']
AURICULAR NOBLEX HPI04,ACCESORIOS,599,https://www.musimundo.com/marcas/noblex/auricular-noblex-hpi04/p/00302025,12-12-2020-16-42-51,['https://medias.musimundo.com/medias/sys_master/images/images/h1d/h33/10184771108894/00302025-174281-174281-01.png-174281-01.png']
AURICULARES NOBLEX HPI09A,ACCESORIOS,499,https://www.musimundo.com/informatica/accesorios/auriculares/auriculares-noblex-hpi09a/p/00150000,12-12-2020-16-42-52,['https://medias.musimundo.com/medias/sys_master/images/images/h1d/hec/10109468573726/00150000-135812-01.jpg']
RADIO RELOJ NOBLEX RJ960,RADIO RELOJ,3299,https://www.musimundo.com/audio-tv-video/radio-reloj/radio-reloj-noblex-rj960/p/00285021,12-12-2020-16-42-51,['https://medias.musimundo.com/medias/sys_master/images/images/h12/h9a/10196662190110/00285021-176489-176489-01.png-176489-01.png']
PARLANTE AUTOMOTOR NOBLEX PAN950,PARLANTES AUTOMOTORES,2999,https://www.musimundo.com/audio-tv-video/parlantes-automotores/parlante-automotor-noblex-pan950/p/00076029,12-12-2020-16-42-51,['https://medias.musimundo.com/medias/sys_master/images/images/h03/he1/10068618870814/00076029-134861-01.jpg']
ACTION CAM NOBLEX ACN4K1 4K ULTRAHD,FILMADORAS,8999,https://www.musimundo.com/camaras/filmadoras/action-cam-noblex-acn4k1-4k-ultrahd/p/00112040,12-12-2020-16-42-50,['https://medias.musimundo.com/medias/sys_master/images/images/hab/h42/10184409481246/00112040-173894-173894-01.png-173894-01.png']
PARLANTE POTENCIADO NOBLEX MNT1050,PARLANTES,39999,https://www.musimundo.com/marcas/noblex/parlante-potenciado-noblex-mnt1050/p/00284293,12-12-2020-16-42-51,['https://medias.musimundo.com/medias/sys_master/images/images/ha5/hd1/10177349091358/00284293-139481-139481-01-139481-01.jpg']
TELEFONO INALAMBRICO NOBLEX NDT4000,TELEFONOS FIJOS,3899,https://www.musimundo.com/telefonia/telefonos-fijos/telefono-inalambrico-noblex-ndt4000-/p/00208118,12-12-2020-16-42-51,['https://medias.musimundo.com/medias/sys_master/images/images/h8b/h58/10185707913246/00208118-174822-174822-01.png-174822-01.png']
SMART TV PHILCO 50 PULGADAS 4K UHD PLD50US9A1,TELEVISORES,47999,https://www.musimundo.com/audio-tv-video/televisores/smart-tv-philco-50-pulgadas-4k-uhd-pld50us9a1/p/00241026,12-12-2020-16-42-51,['https://medias.musimundo.com/medias/sys_master/images/images/h5f/h62/10193877729310/00241026-138197-138197-01-138197-01.jpg']
SMART TV PHILCO 55 PULGADAS 4K UHD PLD55US9A1,TELEVISORES,57999,https://www.musimundo.com/audio-tv-video/televisores/smart-tv-philco-55-pulgadas-4k-uhd-pld55us9a1/p/00241027,12-12-2020-16-42-51,['https://medias.musimundo.com/medias/sys_master/root/hc9/hed/10159587557406/00241027-138198-1-138198g.jpg']
SMART TV NOBLEX 55 PULGADAS 4K UHD DJ55X6500,TELEVISORES,59999,https://www.musimundo.com/audio-tv-video/televisores/smart-tv-noblex-55-pulgadas-4k-uhd-dj55x6500/p/00259041,12-12-2020-16-42-52,['https://medias.musimundo.com/medias/sys_master/images/images/he2/hd2/10185805856798/00259041-450007-450007-01.png-450007-01.png']
SMART TV NOBLEX 55 PULGADAS 4K UHD DJ55X6500,TELEVISORES,59999,https://www.musimundo.com/audio-tv-video/televisores/smart-tv-noblex-55-pulgadas-4k-uhd-dj55x6500/p/00250050,12-12-2020-16-42-52,['https://medias.musimundo.com/medias/sys_master/images/images/h74/h06/10184271298590/00250050-173605-173605-01.png-173605-01.png']
ANDROID TV NOBLEX 50 PULGADAS 4K UHD DM50X7500,TELEVISORES,54999,https://www.musimundo.com/audio-tv-video/televisores/android-tv-noblex-50-pulgadas-4k-uhd-dm50x7500/p/00307306,12-12-2020-16-42-52,['https://medias.musimundo.com/medias/sys_master/images/images/hec/haf/10191415640094/00307306-139767-139767-01-139767-01.jpg']
